<?xml version="1.0" ?>
<LOG_ROOT>
	<PROJECT NAME="digital_clock">
		<CBX_INST_ENTRY INSTANCE_NAME="|digital_clock|MUX4:inst49|LPM_MUX:lpm_mux_component" CBX_FILE_NAME="mux_63e.tdf"/>
		<CBX_INST_ENTRY INSTANCE_NAME="|digital_clock|cnt10:inst1|lpm_counter:lpm_counter_component" CBX_FILE_NAME="cntr_enl.tdf"/>
		<CBX_INST_ENTRY INSTANCE_NAME="|digital_clock|cnt24:inst40|lpm_counter:lpm_counter_component" CBX_FILE_NAME="cntr_amh.tdf"/>
		<CBX_INST_ENTRY INSTANCE_NAME="|digital_clock|cnt2:inst8|lpm_counter:lpm_counter_component" CBX_FILE_NAME="cntr_37l.tdf"/>
		<CBX_INST_ENTRY INSTANCE_NAME="|digital_clock|cnt6:inst4|lpm_counter:lpm_counter_component" CBX_FILE_NAME="cntr_22k.tdf"/>
		<CBX_INST_ENTRY INSTANCE_NAME="|digital_clock|led_cnt24:inst17|lpm_counter:lpm_counter_component" CBX_FILE_NAME="cntr_mai.tdf"/>
		<CBX_INST_ENTRY INSTANCE_NAME="|digital_clock|cnt10:inst2|lpm_counter:lpm_counter_component" CBX_FILE_NAME="cntr_enl.tdf"/>
		<CBX_INST_ENTRY INSTANCE_NAME="|digital_clock|cnt6:inst5|lpm_counter:lpm_counter_component" CBX_FILE_NAME="cntr_22k.tdf"/>
		<CBX_INST_ENTRY INSTANCE_NAME="|digital_clock|comp_min1:inst34|lpm_compare:lpm_compare_component" CBX_FILE_NAME="cmpr_9hg.tdf"/>
		<CBX_INST_ENTRY INSTANCE_NAME="|digital_clock|cnt10:inst3|lpm_counter:lpm_counter_component" CBX_FILE_NAME="cntr_enl.tdf"/>
		<CBX_INST_ENTRY INSTANCE_NAME="|digital_clock|cnt24:inst95|lpm_counter:lpm_counter_component" CBX_FILE_NAME="cntr_amh.tdf"/>
		<CBX_INST_ENTRY INSTANCE_NAME="|digital_clock|cnt2:inst46|lpm_counter:lpm_counter_component" CBX_FILE_NAME="cntr_37l.tdf"/>
		<CBX_INST_ENTRY INSTANCE_NAME="|digital_clock|cnt10:inst13|lpm_counter:lpm_counter_component" CBX_FILE_NAME="cntr_enl.tdf"/>
		<CBX_INST_ENTRY INSTANCE_NAME="|digital_clock|cnt10:inst|lpm_counter:lpm_counter_component" CBX_FILE_NAME="cntr_enl.tdf"/>
		<CBX_INST_ENTRY INSTANCE_NAME="|digital_clock|cnt24:inst102|lpm_counter:lpm_counter_component" CBX_FILE_NAME="cntr_amh.tdf"/>
		<CBX_INST_ENTRY INSTANCE_NAME="|digital_clock|comp_h1:inst36|lpm_compare:lpm_compare_component" CBX_FILE_NAME="cmpr_9hg.tdf"/>
		<CBX_INST_ENTRY INSTANCE_NAME="|digital_clock|comp_h2:inst39|lpm_compare:lpm_compare_component" CBX_FILE_NAME="cmpr_7hg.tdf"/>
		<CBX_INST_ENTRY INSTANCE_NAME="|digital_clock|comp_min2:inst35|lpm_compare:lpm_compare_component" CBX_FILE_NAME="cmpr_8hg.tdf"/>
		<CBX_INST_ENTRY INSTANCE_NAME="|digital_clock|dec4:inst37|lpm_decode:lpm_decode_component" CBX_FILE_NAME="decode_n6f.tdf"/>
		<CBX_INST_ENTRY INSTANCE_NAME="|digital_clock|cnt10:inst14|lpm_counter:lpm_counter_component" CBX_FILE_NAME="cntr_enl.tdf"/>
		<CBX_INST_ENTRY INSTANCE_NAME="|digital_clock|cnt10:inst6|lpm_counter:lpm_counter_component" CBX_FILE_NAME="cntr_enl.tdf"/>
		<CBX_INST_ENTRY INSTANCE_NAME="|digital_clock|cnt24:inst90|lpm_counter:lpm_counter_component" CBX_FILE_NAME="cntr_amh.tdf"/>
		<CBX_INST_ENTRY INSTANCE_NAME="|digital_clock|cnt24:inst98|lpm_counter:lpm_counter_component" CBX_FILE_NAME="cntr_amh.tdf"/>
		<CBX_INST_ENTRY INSTANCE_NAME="|digital_clock|cnt_66:inst48|lpm_counter:lpm_counter_component" CBX_FILE_NAME="cntr_7jj.tdf"/>
		<CBX_INST_ENTRY INSTANCE_NAME="|digital_clock|counter2:inst28|lpm_counter:lpm_counter_component" CBX_FILE_NAME="cntr_mkh.tdf"/>
		<CBX_INST_ENTRY INSTANCE_NAME="|digital_clock|mux8:inst15|LPM_MUX:lpm_mux_component" CBX_FILE_NAME="mux_b3e.tdf"/>
	</PROJECT>
</LOG_ROOT>
